{
  "ABIRoot": {
    "kind": "Root",
    "name": "TopLevel",
    "printedName": "TopLevel",
    "children": [
      {
        "kind": "TypeDecl",
        "name": "FrostflakeGenerator",
        "printedName": "FrostflakeGenerator",
        "children": [
          {
            "kind": "Var",
            "name": "currentSeconds",
            "printedName": "currentSeconds",
            "children": [
              {
                "kind": "TypeNominal",
                "name": "UInt32",
                "printedName": "Swift.UInt32",
                "usr": "s:s6UInt32V"
              }
            ],
            "declKind": "Var",
            "usr": "s:10Frostflake0A9GeneratorC14currentSecondss6UInt32Vvp",
            "mangledName": "$s10Frostflake0A9GeneratorC14currentSecondss6UInt32Vvp",
            "moduleName": "Frostflake",
            "declAttributes": [
              "Final",
              "HasStorage",
              "AccessControl"
            ],
            "hasStorage": true,
            "accessors": [
              {
                "kind": "Accessor",
                "name": "Get",
                "printedName": "Get()",
                "children": [
                  {
                    "kind": "TypeNominal",
                    "name": "UInt32",
                    "printedName": "Swift.UInt32",
                    "usr": "s:s6UInt32V"
                  }
                ],
                "declKind": "Accessor",
                "usr": "s:10Frostflake0A9GeneratorC14currentSecondss6UInt32Vvg",
                "mangledName": "$s10Frostflake0A9GeneratorC14currentSecondss6UInt32Vvg",
                "moduleName": "Frostflake",
                "implicit": true,
                "declAttributes": [
                  "Final"
                ],
                "accessorKind": "get"
              },
              {
                "kind": "Accessor",
                "name": "Set",
                "printedName": "Set()",
                "children": [
                  {
                    "kind": "TypeNominal",
                    "name": "Void",
                    "printedName": "()"
                  },
                  {
                    "kind": "TypeNominal",
                    "name": "UInt32",
                    "printedName": "Swift.UInt32",
                    "usr": "s:s6UInt32V"
                  }
                ],
                "declKind": "Accessor",
                "usr": "s:10Frostflake0A9GeneratorC14currentSecondss6UInt32Vvs",
                "mangledName": "$s10Frostflake0A9GeneratorC14currentSecondss6UInt32Vvs",
                "moduleName": "Frostflake",
                "implicit": true,
                "declAttributes": [
                  "Final"
                ],
                "accessorKind": "set"
              },
              {
                "kind": "Accessor",
                "name": "Modify",
                "printedName": "Modify()",
                "children": [
                  {
                    "kind": "TypeNominal",
                    "name": "Void",
                    "printedName": "()"
                  }
                ],
                "declKind": "Accessor",
                "usr": "s:10Frostflake0A9GeneratorC14currentSecondss6UInt32VvM",
                "mangledName": "$s10Frostflake0A9GeneratorC14currentSecondss6UInt32VvM",
                "moduleName": "Frostflake",
                "implicit": true,
                "declAttributes": [
                  "Final"
                ],
                "accessorKind": "_modify"
              }
            ]
          },
          {
            "kind": "Var",
            "name": "sequenceNumber",
            "printedName": "sequenceNumber",
            "children": [
              {
                "kind": "TypeNominal",
                "name": "UInt32",
                "printedName": "Swift.UInt32",
                "usr": "s:s6UInt32V"
              }
            ],
            "declKind": "Var",
            "usr": "s:10Frostflake0A9GeneratorC14sequenceNumbers6UInt32Vvp",
            "mangledName": "$s10Frostflake0A9GeneratorC14sequenceNumbers6UInt32Vvp",
            "moduleName": "Frostflake",
            "declAttributes": [
              "Final",
              "HasStorage",
              "AccessControl"
            ],
            "hasStorage": true,
            "accessors": [
              {
                "kind": "Accessor",
                "name": "Get",
                "printedName": "Get()",
                "children": [
                  {
                    "kind": "TypeNominal",
                    "name": "UInt32",
                    "printedName": "Swift.UInt32",
                    "usr": "s:s6UInt32V"
                  }
                ],
                "declKind": "Accessor",
                "usr": "s:10Frostflake0A9GeneratorC14sequenceNumbers6UInt32Vvg",
                "mangledName": "$s10Frostflake0A9GeneratorC14sequenceNumbers6UInt32Vvg",
                "moduleName": "Frostflake",
                "implicit": true,
                "declAttributes": [
                  "Final"
                ],
                "accessorKind": "get"
              },
              {
                "kind": "Accessor",
                "name": "Set",
                "printedName": "Set()",
                "children": [
                  {
                    "kind": "TypeNominal",
                    "name": "Void",
                    "printedName": "()"
                  },
                  {
                    "kind": "TypeNominal",
                    "name": "UInt32",
                    "printedName": "Swift.UInt32",
                    "usr": "s:s6UInt32V"
                  }
                ],
                "declKind": "Accessor",
                "usr": "s:10Frostflake0A9GeneratorC14sequenceNumbers6UInt32Vvs",
                "mangledName": "$s10Frostflake0A9GeneratorC14sequenceNumbers6UInt32Vvs",
                "moduleName": "Frostflake",
                "implicit": true,
                "declAttributes": [
                  "Final"
                ],
                "accessorKind": "set"
              },
              {
                "kind": "Accessor",
                "name": "Modify",
                "printedName": "Modify()",
                "children": [
                  {
                    "kind": "TypeNominal",
                    "name": "Void",
                    "printedName": "()"
                  }
                ],
                "declKind": "Accessor",
                "usr": "s:10Frostflake0A9GeneratorC14sequenceNumbers6UInt32VvM",
                "mangledName": "$s10Frostflake0A9GeneratorC14sequenceNumbers6UInt32VvM",
                "moduleName": "Frostflake",
                "implicit": true,
                "declAttributes": [
                  "Final"
                ],
                "accessorKind": "_modify"
              }
            ]
          },
          {
            "kind": "Var",
            "name": "generatorIdentifier",
            "printedName": "generatorIdentifier",
            "children": [
              {
                "kind": "TypeNominal",
                "name": "UInt16",
                "printedName": "Swift.UInt16",
                "usr": "s:s6UInt16V"
              }
            ],
            "declKind": "Var",
            "usr": "s:10Frostflake0A9GeneratorC19generatorIdentifiers6UInt16Vvp",
            "mangledName": "$s10Frostflake0A9GeneratorC19generatorIdentifiers6UInt16Vvp",
            "moduleName": "Frostflake",
            "declAttributes": [
              "Final",
              "HasStorage",
              "AccessControl"
            ],
            "isLet": true,
            "hasStorage": true,
            "accessors": [
              {
                "kind": "Accessor",
                "name": "Get",
                "printedName": "Get()",
                "children": [
                  {
                    "kind": "TypeNominal",
                    "name": "UInt16",
                    "printedName": "Swift.UInt16",
                    "usr": "s:s6UInt16V"
                  }
                ],
                "declKind": "Accessor",
                "usr": "s:10Frostflake0A9GeneratorC19generatorIdentifiers6UInt16Vvg",
                "mangledName": "$s10Frostflake0A9GeneratorC19generatorIdentifiers6UInt16Vvg",
                "moduleName": "Frostflake",
                "implicit": true,
                "declAttributes": [
                  "Final"
                ],
                "accessorKind": "get"
              }
            ]
          },
          {
            "kind": "Var",
            "name": "forcedTimeRegenerationInterval",
            "printedName": "forcedTimeRegenerationInterval",
            "children": [
              {
                "kind": "TypeNominal",
                "name": "UInt32",
                "printedName": "Swift.UInt32",
                "usr": "s:s6UInt32V"
              }
            ],
            "declKind": "Var",
            "usr": "s:10Frostflake0A9GeneratorC30forcedTimeRegenerationIntervals6UInt32Vvp",
            "mangledName": "$s10Frostflake0A9GeneratorC30forcedTimeRegenerationIntervals6UInt32Vvp",
            "moduleName": "Frostflake",
            "declAttributes": [
              "Final",
              "HasStorage",
              "AccessControl"
            ],
            "isLet": true,
            "hasStorage": true,
            "accessors": [
              {
                "kind": "Accessor",
                "name": "Get",
                "printedName": "Get()",
                "children": [
                  {
                    "kind": "TypeNominal",
                    "name": "UInt32",
                    "printedName": "Swift.UInt32",
                    "usr": "s:s6UInt32V"
                  }
                ],
                "declKind": "Accessor",
                "usr": "s:10Frostflake0A9GeneratorC30forcedTimeRegenerationIntervals6UInt32Vvg",
                "mangledName": "$s10Frostflake0A9GeneratorC30forcedTimeRegenerationIntervals6UInt32Vvg",
                "moduleName": "Frostflake",
                "implicit": true,
                "declAttributes": [
                  "Final"
                ],
                "accessorKind": "get"
              }
            ]
          },
          {
            "kind": "Var",
            "name": "sharedGenerator",
            "printedName": "sharedGenerator",
            "children": [
              {
                "kind": "TypeNominal",
                "name": "FrostflakeGenerator",
                "printedName": "Frostflake.FrostflakeGenerator",
                "usr": "s:10Frostflake0A9GeneratorC"
              }
            ],
            "declKind": "Var",
            "usr": "s:10Frostflake0A9GeneratorC06sharedB0ACvpZ",
            "mangledName": "$s10Frostflake0A9GeneratorC06sharedB0ACvpZ",
            "moduleName": "Frostflake",
            "static": true,
            "declAttributes": [
              "Final",
              "AccessControl",
              "RawDocComment"
            ],
            "accessors": [
              {
                "kind": "Accessor",
                "name": "Get",
                "printedName": "Get()",
                "children": [
                  {
                    "kind": "TypeNominal",
                    "name": "FrostflakeGenerator",
                    "printedName": "Frostflake.FrostflakeGenerator",
                    "usr": "s:10Frostflake0A9GeneratorC"
                  }
                ],
                "declKind": "Accessor",
                "usr": "s:10Frostflake0A9GeneratorC06sharedB0ACvgZ",
                "mangledName": "$s10Frostflake0A9GeneratorC06sharedB0ACvgZ",
                "moduleName": "Frostflake",
                "static": true,
                "declAttributes": [
                  "Final"
                ],
                "accessorKind": "get"
              }
            ]
          },
          {
            "kind": "Function",
            "name": "setup",
            "printedName": "setup(sharedGenerator:)",
            "children": [
              {
                "kind": "TypeNominal",
                "name": "Void",
                "printedName": "()"
              },
              {
                "kind": "TypeNominal",
                "name": "FrostflakeGenerator",
                "printedName": "Frostflake.FrostflakeGenerator",
                "usr": "s:10Frostflake0A9GeneratorC"
              }
            ],
            "declKind": "Func",
            "usr": "s:10Frostflake0A9GeneratorC5setup06sharedB0yAC_tFZ",
            "mangledName": "$s10Frostflake0A9GeneratorC5setup06sharedB0yAC_tFZ",
            "moduleName": "Frostflake",
            "static": true,
            "declAttributes": [
              "Final",
              "AccessControl",
              "RawDocComment"
            ],
            "funcSelfKind": "NonMutating"
          },
          {
            "kind": "Function",
            "name": "teardown",
            "printedName": "teardown()",
            "children": [
              {
                "kind": "TypeNominal",
                "name": "Void",
                "printedName": "()"
              }
            ],
            "declKind": "Func",
            "usr": "s:10Frostflake0A9GeneratorC8teardownyyFZ",
            "mangledName": "$s10Frostflake0A9GeneratorC8teardownyyFZ",
            "moduleName": "Frostflake",
            "static": true,
            "declAttributes": [
              "Final",
              "AccessControl"
            ],
            "funcSelfKind": "NonMutating"
          },
          {
            "kind": "Function",
            "name": "generate",
            "printedName": "generate()",
            "children": [
              {
                "kind": "TypeNominal",
                "name": "UInt64",
                "printedName": "Swift.UInt64",
                "usr": "s:s6UInt64V"
              }
            ],
            "declKind": "Func",
            "usr": "s:10Frostflake0A9GeneratorC8generates6UInt64VyFZ",
            "mangledName": "$s10Frostflake0A9GeneratorC8generates6UInt64VyFZ",
            "moduleName": "Frostflake",
            "static": true,
            "declAttributes": [
              "Final",
              "AccessControl",
              "Inline",
              "Inlinable",
              "RawDocComment"
            ],
            "funcSelfKind": "NonMutating"
          },
          {
            "kind": "Constructor",
            "name": "init",
            "printedName": "init(generatorIdentifier:forcedTimeRegenerationInterval:concurrentAccess:)",
            "children": [
              {
                "kind": "TypeNominal",
                "name": "FrostflakeGenerator",
                "printedName": "Frostflake.FrostflakeGenerator",
                "usr": "s:10Frostflake0A9GeneratorC"
              },
              {
                "kind": "TypeNominal",
                "name": "UInt16",
                "printedName": "Swift.UInt16",
                "usr": "s:s6UInt16V"
              },
              {
                "kind": "TypeNominal",
                "name": "UInt32",
                "printedName": "Swift.UInt32",
                "hasDefaultArg": true,
                "usr": "s:s6UInt32V"
              },
              {
                "kind": "TypeNominal",
                "name": "Bool",
                "printedName": "Swift.Bool",
                "hasDefaultArg": true,
                "usr": "s:Sb"
              }
            ],
            "declKind": "Constructor",
            "usr": "s:10Frostflake0A9GeneratorC19generatorIdentifier30forcedTimeRegenerationInterval16concurrentAccessACs6UInt16V_s6UInt32VSbtcfc",
            "mangledName": "$s10Frostflake0A9GeneratorC19generatorIdentifier30forcedTimeRegenerationInterval16concurrentAccessACs6UInt16V_s6UInt32VSbtcfc",
            "moduleName": "Frostflake",
            "declAttributes": [
              "AccessControl",
              "RawDocComment"
            ],
            "init_kind": "Designated"
          },
          {
            "kind": "Function",
            "name": "generate",
            "printedName": "generate()",
            "children": [
              {
                "kind": "TypeNominal",
                "name": "UInt64",
                "printedName": "Swift.UInt64",
                "usr": "s:s6UInt64V"
              }
            ],
            "declKind": "Func",
            "usr": "s:10Frostflake0A9GeneratorC8generates6UInt64VyF",
            "mangledName": "$s10Frostflake0A9GeneratorC8generates6UInt64VyF",
            "moduleName": "Frostflake",
            "declAttributes": [
              "Final",
              "AccessControl",
              "RawDocComment"
            ],
            "funcSelfKind": "NonMutating"
          },
          {
            "kind": "Var",
            "name": "secondsBits",
            "printedName": "secondsBits",
            "children": [
              {
                "kind": "TypeNominal",
                "name": "Int",
                "printedName": "Swift.Int",
                "usr": "s:Si"
              }
            ],
            "declKind": "Var",
            "usr": "s:10Frostflake0A9GeneratorC11secondsBitsSivpZ",
            "mangledName": "$s10Frostflake0A9GeneratorC11secondsBitsSivpZ",
            "moduleName": "Frostflake",
            "static": true,
            "declAttributes": [
              "HasInitialValue",
              "Final",
              "HasStorage",
              "RawDocComment"
            ],
            "isFromExtension": true,
            "isLet": true,
            "hasStorage": true,
            "accessors": [
              {
                "kind": "Accessor",
                "name": "Get",
                "printedName": "Get()",
                "children": [
                  {
                    "kind": "TypeNominal",
                    "name": "Int",
                    "printedName": "Swift.Int",
                    "usr": "s:Si"
                  }
                ],
                "declKind": "Accessor",
                "usr": "s:10Frostflake0A9GeneratorC11secondsBitsSivgZ",
                "mangledName": "$s10Frostflake0A9GeneratorC11secondsBitsSivgZ",
                "moduleName": "Frostflake",
                "static": true,
                "implicit": true,
                "declAttributes": [
                  "Final"
                ],
                "isFromExtension": true,
                "accessorKind": "get"
              }
            ]
          },
          {
            "kind": "Var",
            "name": "sequenceNumberBits",
            "printedName": "sequenceNumberBits",
            "children": [
              {
                "kind": "TypeNominal",
                "name": "Int",
                "printedName": "Swift.Int",
                "usr": "s:Si"
              }
            ],
            "declKind": "Var",
            "usr": "s:10Frostflake0A9GeneratorC18sequenceNumberBitsSivpZ",
            "mangledName": "$s10Frostflake0A9GeneratorC18sequenceNumberBitsSivpZ",
            "moduleName": "Frostflake",
            "static": true,
            "declAttributes": [
              "HasInitialValue",
              "Final",
              "HasStorage",
              "RawDocComment"
            ],
            "isFromExtension": true,
            "isLet": true,
            "hasStorage": true,
            "accessors": [
              {
                "kind": "Accessor",
                "name": "Get",
                "printedName": "Get()",
                "children": [
                  {
                    "kind": "TypeNominal",
                    "name": "Int",
                    "printedName": "Swift.Int",
                    "usr": "s:Si"
                  }
                ],
                "declKind": "Accessor",
                "usr": "s:10Frostflake0A9GeneratorC18sequenceNumberBitsSivgZ",
                "mangledName": "$s10Frostflake0A9GeneratorC18sequenceNumberBitsSivgZ",
                "moduleName": "Frostflake",
                "static": true,
                "implicit": true,
                "declAttributes": [
                  "Final"
                ],
                "isFromExtension": true,
                "accessorKind": "get"
              }
            ]
          },
          {
            "kind": "Var",
            "name": "generatorIdentifierBits",
            "printedName": "generatorIdentifierBits",
            "children": [
              {
                "kind": "TypeNominal",
                "name": "Int",
                "printedName": "Swift.Int",
                "usr": "s:Si"
              }
            ],
            "declKind": "Var",
            "usr": "s:10Frostflake0A9GeneratorC23generatorIdentifierBitsSivpZ",
            "mangledName": "$s10Frostflake0A9GeneratorC23generatorIdentifierBitsSivpZ",
            "moduleName": "Frostflake",
            "static": true,
            "declAttributes": [
              "HasInitialValue",
              "Final",
              "HasStorage",
              "RawDocComment"
            ],
            "isFromExtension": true,
            "isLet": true,
            "hasStorage": true,
            "accessors": [
              {
                "kind": "Accessor",
                "name": "Get",
                "printedName": "Get()",
                "children": [
                  {
                    "kind": "TypeNominal",
                    "name": "Int",
                    "printedName": "Swift.Int",
                    "usr": "s:Si"
                  }
                ],
                "declKind": "Accessor",
                "usr": "s:10Frostflake0A9GeneratorC23generatorIdentifierBitsSivgZ",
                "mangledName": "$s10Frostflake0A9GeneratorC23generatorIdentifierBitsSivgZ",
                "moduleName": "Frostflake",
                "static": true,
                "implicit": true,
                "declAttributes": [
                  "Final"
                ],
                "isFromExtension": true,
                "accessorKind": "get"
              }
            ]
          },
          {
            "kind": "Var",
            "name": "validGeneratorIdentifierRange",
            "printedName": "validGeneratorIdentifierRange",
            "children": [
              {
                "kind": "TypeNominal",
                "name": "Range",
                "printedName": "Swift.Range<Swift.Int>",
                "children": [
                  {
                    "kind": "TypeNominal",
                    "name": "Int",
                    "printedName": "Swift.Int",
                    "usr": "s:Si"
                  }
                ],
                "usr": "s:Sn"
              }
            ],
            "declKind": "Var",
            "usr": "s:10Frostflake0A9GeneratorC05validB15IdentifierRangeSnySiGvpZ",
            "mangledName": "$s10Frostflake0A9GeneratorC05validB15IdentifierRangeSnySiGvpZ",
            "moduleName": "Frostflake",
            "static": true,
            "declAttributes": [
              "HasInitialValue",
              "Final",
              "HasStorage",
              "RawDocComment"
            ],
            "isFromExtension": true,
            "isLet": true,
            "hasStorage": true,
            "accessors": [
              {
                "kind": "Accessor",
                "name": "Get",
                "printedName": "Get()",
                "children": [
                  {
                    "kind": "TypeNominal",
                    "name": "Range",
                    "printedName": "Swift.Range<Swift.Int>",
                    "children": [
                      {
                        "kind": "TypeNominal",
                        "name": "Int",
                        "printedName": "Swift.Int",
                        "usr": "s:Si"
                      }
                    ],
                    "usr": "s:Sn"
                  }
                ],
                "declKind": "Accessor",
                "usr": "s:10Frostflake0A9GeneratorC05validB15IdentifierRangeSnySiGvgZ",
                "mangledName": "$s10Frostflake0A9GeneratorC05validB15IdentifierRangeSnySiGvgZ",
                "moduleName": "Frostflake",
                "static": true,
                "implicit": true,
                "declAttributes": [
                  "Final"
                ],
                "isFromExtension": true,
                "accessorKind": "get"
              }
            ]
          },
          {
            "kind": "Var",
            "name": "allowedSequenceNumberRange",
            "printedName": "allowedSequenceNumberRange",
            "children": [
              {
                "kind": "TypeNominal",
                "name": "Range",
                "printedName": "Swift.Range<Swift.Int>",
                "children": [
                  {
                    "kind": "TypeNominal",
                    "name": "Int",
                    "printedName": "Swift.Int",
                    "usr": "s:Si"
                  }
                ],
                "usr": "s:Sn"
              }
            ],
            "declKind": "Var",
            "usr": "s:10Frostflake0A9GeneratorC26allowedSequenceNumberRangeSnySiGvpZ",
            "mangledName": "$s10Frostflake0A9GeneratorC26allowedSequenceNumberRangeSnySiGvpZ",
            "moduleName": "Frostflake",
            "static": true,
            "declAttributes": [
              "HasInitialValue",
              "Final",
              "HasStorage",
              "RawDocComment"
            ],
            "isFromExtension": true,
            "isLet": true,
            "hasStorage": true,
            "accessors": [
              {
                "kind": "Accessor",
                "name": "Get",
                "printedName": "Get()",
                "children": [
                  {
                    "kind": "TypeNominal",
                    "name": "Range",
                    "printedName": "Swift.Range<Swift.Int>",
                    "children": [
                      {
                        "kind": "TypeNominal",
                        "name": "Int",
                        "printedName": "Swift.Int",
                        "usr": "s:Si"
                      }
                    ],
                    "usr": "s:Sn"
                  }
                ],
                "declKind": "Accessor",
                "usr": "s:10Frostflake0A9GeneratorC26allowedSequenceNumberRangeSnySiGvgZ",
                "mangledName": "$s10Frostflake0A9GeneratorC26allowedSequenceNumberRangeSnySiGvgZ",
                "moduleName": "Frostflake",
                "static": true,
                "implicit": true,
                "declAttributes": [
                  "Final"
                ],
                "isFromExtension": true,
                "accessorKind": "get"
              }
            ]
          },
          {
            "kind": "Var",
            "name": "defaultManualGeneratorIdentifier",
            "printedName": "defaultManualGeneratorIdentifier",
            "children": [
              {
                "kind": "TypeNominal",
                "name": "Int",
                "printedName": "Swift.Int",
                "usr": "s:Si"
              }
            ],
            "declKind": "Var",
            "usr": "s:10Frostflake0A9GeneratorC013defaultManualB10IdentifierSivpZ",
            "mangledName": "$s10Frostflake0A9GeneratorC013defaultManualB10IdentifierSivpZ",
            "moduleName": "Frostflake",
            "static": true,
            "declAttributes": [
              "HasInitialValue",
              "Final",
              "HasStorage",
              "RawDocComment"
            ],
            "isFromExtension": true,
            "isLet": true,
            "hasStorage": true,
            "accessors": [
              {
                "kind": "Accessor",
                "name": "Get",
                "printedName": "Get()",
                "children": [
                  {
                    "kind": "TypeNominal",
                    "name": "Int",
                    "printedName": "Swift.Int",
                    "usr": "s:Si"
                  }
                ],
                "declKind": "Accessor",
                "usr": "s:10Frostflake0A9GeneratorC013defaultManualB10IdentifierSivgZ",
                "mangledName": "$s10Frostflake0A9GeneratorC013defaultManualB10IdentifierSivgZ",
                "moduleName": "Frostflake",
                "static": true,
                "implicit": true,
                "declAttributes": [
                  "Final"
                ],
                "isFromExtension": true,
                "accessorKind": "get"
              }
            ]
          },
          {
            "kind": "Var",
            "name": "defaultForcedTimeRegenerationInterval",
            "printedName": "defaultForcedTimeRegenerationInterval",
            "children": [
              {
                "kind": "TypeNominal",
                "name": "UInt32",
                "printedName": "Swift.UInt32",
                "usr": "s:s6UInt32V"
              }
            ],
            "declKind": "Var",
            "usr": "s:10Frostflake0A9GeneratorC37defaultForcedTimeRegenerationIntervals6UInt32VvpZ",
            "mangledName": "$s10Frostflake0A9GeneratorC37defaultForcedTimeRegenerationIntervals6UInt32VvpZ",
            "moduleName": "Frostflake",
            "static": true,
            "declAttributes": [
              "HasInitialValue",
              "Final",
              "HasStorage",
              "RawDocComment"
            ],
            "isFromExtension": true,
            "isLet": true,
            "hasStorage": true,
            "accessors": [
              {
                "kind": "Accessor",
                "name": "Get",
                "printedName": "Get()",
                "children": [
                  {
                    "kind": "TypeNominal",
                    "name": "UInt32",
                    "printedName": "Swift.UInt32",
                    "usr": "s:s6UInt32V"
                  }
                ],
                "declKind": "Accessor",
                "usr": "s:10Frostflake0A9GeneratorC37defaultForcedTimeRegenerationIntervals6UInt32VvgZ",
                "mangledName": "$s10Frostflake0A9GeneratorC37defaultForcedTimeRegenerationIntervals6UInt32VvgZ",
                "moduleName": "Frostflake",
                "static": true,
                "implicit": true,
                "declAttributes": [
                  "Final"
                ],
                "isFromExtension": true,
                "accessorKind": "get"
              }
            ]
          }
        ],
        "declKind": "Class",
        "usr": "s:10Frostflake0A9GeneratorC",
        "mangledName": "$s10Frostflake0A9GeneratorC",
        "moduleName": "Frostflake",
        "declAttributes": [
          "Final",
          "AccessControl",
          "RawDocComment"
        ]
      },
      {
        "kind": "Import",
        "name": "DateTime",
        "printedName": "DateTime",
        "declKind": "Import",
        "moduleName": "Frostflake",
        "declAttributes": [
          "RawDocComment"
        ]
      },
      {
        "kind": "Import",
        "name": "Foundation",
        "printedName": "Foundation",
        "declKind": "Import",
        "moduleName": "Frostflake"
      },
      {
        "kind": "Import",
        "name": "Darwin",
        "printedName": "Darwin",
        "declKind": "Import",
        "moduleName": "Frostflake"
      },
      {
        "kind": "TypeDecl",
        "name": "EpochDateTime",
        "printedName": "EpochDateTime",
        "children": [
          {
            "kind": "Var",
            "name": "year",
            "printedName": "year",
            "children": [
              {
                "kind": "TypeNominal",
                "name": "Int",
                "printedName": "Swift.Int",
                "usr": "s:Si"
              }
            ],
            "declKind": "Var",
            "usr": "s:10Frostflake13EpochDateTimeV4yearSivp",
            "mangledName": "$s10Frostflake13EpochDateTimeV4yearSivp",
            "moduleName": "Frostflake",
            "declAttributes": [
              "HasStorage",
              "AccessControl"
            ],
            "fixedbinaryorder": 0,
            "hasStorage": true,
            "accessors": [
              {
                "kind": "Accessor",
                "name": "Get",
                "printedName": "Get()",
                "children": [
                  {
                    "kind": "TypeNominal",
                    "name": "Int",
                    "printedName": "Swift.Int",
                    "usr": "s:Si"
                  }
                ],
                "declKind": "Accessor",
                "usr": "s:10Frostflake13EpochDateTimeV4yearSivg",
                "mangledName": "$s10Frostflake13EpochDateTimeV4yearSivg",
                "moduleName": "Frostflake",
                "implicit": true,
                "declAttributes": [
                  "Transparent"
                ],
                "accessorKind": "get"
              },
              {
                "kind": "Accessor",
                "name": "Set",
                "printedName": "Set()",
                "children": [
                  {
                    "kind": "TypeNominal",
                    "name": "Void",
                    "printedName": "()"
                  },
                  {
                    "kind": "TypeNominal",
                    "name": "Int",
                    "printedName": "Swift.Int",
                    "usr": "s:Si"
                  }
                ],
                "declKind": "Accessor",
                "usr": "s:10Frostflake13EpochDateTimeV4yearSivs",
                "mangledName": "$s10Frostflake13EpochDateTimeV4yearSivs",
                "moduleName": "Frostflake",
                "implicit": true,
                "declAttributes": [
                  "Transparent"
                ],
                "accessorKind": "set"
              },
              {
                "kind": "Accessor",
                "name": "Modify",
                "printedName": "Modify()",
                "children": [
                  {
                    "kind": "TypeNominal",
                    "name": "Void",
                    "printedName": "()"
                  }
                ],
                "declKind": "Accessor",
                "usr": "s:10Frostflake13EpochDateTimeV4yearSivM",
                "mangledName": "$s10Frostflake13EpochDateTimeV4yearSivM",
                "moduleName": "Frostflake",
                "implicit": true,
                "declAttributes": [
                  "Transparent"
                ],
                "accessorKind": "_modify"
              }
            ]
          },
          {
            "kind": "Var",
            "name": "month",
            "printedName": "month",
            "children": [
              {
                "kind": "TypeNominal",
                "name": "Int",
                "printedName": "Swift.Int",
                "usr": "s:Si"
              }
            ],
            "declKind": "Var",
            "usr": "s:10Frostflake13EpochDateTimeV5monthSivp",
            "mangledName": "$s10Frostflake13EpochDateTimeV5monthSivp",
            "moduleName": "Frostflake",
            "declAttributes": [
              "HasStorage",
              "AccessControl"
            ],
            "fixedbinaryorder": 1,
            "hasStorage": true,
            "accessors": [
              {
                "kind": "Accessor",
                "name": "Get",
                "printedName": "Get()",
                "children": [
                  {
                    "kind": "TypeNominal",
                    "name": "Int",
                    "printedName": "Swift.Int",
                    "usr": "s:Si"
                  }
                ],
                "declKind": "Accessor",
                "usr": "s:10Frostflake13EpochDateTimeV5monthSivg",
                "mangledName": "$s10Frostflake13EpochDateTimeV5monthSivg",
                "moduleName": "Frostflake",
                "implicit": true,
                "declAttributes": [
                  "Transparent"
                ],
                "accessorKind": "get"
              },
              {
                "kind": "Accessor",
                "name": "Set",
                "printedName": "Set()",
                "children": [
                  {
                    "kind": "TypeNominal",
                    "name": "Void",
                    "printedName": "()"
                  },
                  {
                    "kind": "TypeNominal",
                    "name": "Int",
                    "printedName": "Swift.Int",
                    "usr": "s:Si"
                  }
                ],
                "declKind": "Accessor",
                "usr": "s:10Frostflake13EpochDateTimeV5monthSivs",
                "mangledName": "$s10Frostflake13EpochDateTimeV5monthSivs",
                "moduleName": "Frostflake",
                "implicit": true,
                "declAttributes": [
                  "Transparent"
                ],
                "accessorKind": "set"
              },
              {
                "kind": "Accessor",
                "name": "Modify",
                "printedName": "Modify()",
                "children": [
                  {
                    "kind": "TypeNominal",
                    "name": "Void",
                    "printedName": "()"
                  }
                ],
                "declKind": "Accessor",
                "usr": "s:10Frostflake13EpochDateTimeV5monthSivM",
                "mangledName": "$s10Frostflake13EpochDateTimeV5monthSivM",
                "moduleName": "Frostflake",
                "implicit": true,
                "declAttributes": [
                  "Transparent"
                ],
                "accessorKind": "_modify"
              }
            ]
          },
          {
            "kind": "Var",
            "name": "day",
            "printedName": "day",
            "children": [
              {
                "kind": "TypeNominal",
                "name": "Int",
                "printedName": "Swift.Int",
                "usr": "s:Si"
              }
            ],
            "declKind": "Var",
            "usr": "s:10Frostflake13EpochDateTimeV3daySivp",
            "mangledName": "$s10Frostflake13EpochDateTimeV3daySivp",
            "moduleName": "Frostflake",
            "declAttributes": [
              "HasStorage",
              "AccessControl"
            ],
            "fixedbinaryorder": 2,
            "hasStorage": true,
            "accessors": [
              {
                "kind": "Accessor",
                "name": "Get",
                "printedName": "Get()",
                "children": [
                  {
                    "kind": "TypeNominal",
                    "name": "Int",
                    "printedName": "Swift.Int",
                    "usr": "s:Si"
                  }
                ],
                "declKind": "Accessor",
                "usr": "s:10Frostflake13EpochDateTimeV3daySivg",
                "mangledName": "$s10Frostflake13EpochDateTimeV3daySivg",
                "moduleName": "Frostflake",
                "implicit": true,
                "declAttributes": [
                  "Transparent"
                ],
                "accessorKind": "get"
              },
              {
                "kind": "Accessor",
                "name": "Set",
                "printedName": "Set()",
                "children": [
                  {
                    "kind": "TypeNominal",
                    "name": "Void",
                    "printedName": "()"
                  },
                  {
                    "kind": "TypeNominal",
                    "name": "Int",
                    "printedName": "Swift.Int",
                    "usr": "s:Si"
                  }
                ],
                "declKind": "Accessor",
                "usr": "s:10Frostflake13EpochDateTimeV3daySivs",
                "mangledName": "$s10Frostflake13EpochDateTimeV3daySivs",
                "moduleName": "Frostflake",
                "implicit": true,
                "declAttributes": [
                  "Transparent"
                ],
                "accessorKind": "set"
              },
              {
                "kind": "Accessor",
                "name": "Modify",
                "printedName": "Modify()",
                "children": [
                  {
                    "kind": "TypeNominal",
                    "name": "Void",
                    "printedName": "()"
                  }
                ],
                "declKind": "Accessor",
                "usr": "s:10Frostflake13EpochDateTimeV3daySivM",
                "mangledName": "$s10Frostflake13EpochDateTimeV3daySivM",
                "moduleName": "Frostflake",
                "implicit": true,
                "declAttributes": [
                  "Transparent"
                ],
                "accessorKind": "_modify"
              }
            ]
          },
          {
            "kind": "Var",
            "name": "hour",
            "printedName": "hour",
            "children": [
              {
                "kind": "TypeNominal",
                "name": "Int",
                "printedName": "Swift.Int",
                "usr": "s:Si"
              }
            ],
            "declKind": "Var",
            "usr": "s:10Frostflake13EpochDateTimeV4hourSivp",
            "mangledName": "$s10Frostflake13EpochDateTimeV4hourSivp",
            "moduleName": "Frostflake",
            "declAttributes": [
              "HasStorage",
              "AccessControl"
            ],
            "fixedbinaryorder": 3,
            "hasStorage": true,
            "accessors": [
              {
                "kind": "Accessor",
                "name": "Get",
                "printedName": "Get()",
                "children": [
                  {
                    "kind": "TypeNominal",
                    "name": "Int",
                    "printedName": "Swift.Int",
                    "usr": "s:Si"
                  }
                ],
                "declKind": "Accessor",
                "usr": "s:10Frostflake13EpochDateTimeV4hourSivg",
                "mangledName": "$s10Frostflake13EpochDateTimeV4hourSivg",
                "moduleName": "Frostflake",
                "implicit": true,
                "declAttributes": [
                  "Transparent"
                ],
                "accessorKind": "get"
              },
              {
                "kind": "Accessor",
                "name": "Set",
                "printedName": "Set()",
                "children": [
                  {
                    "kind": "TypeNominal",
                    "name": "Void",
                    "printedName": "()"
                  },
                  {
                    "kind": "TypeNominal",
                    "name": "Int",
                    "printedName": "Swift.Int",
                    "usr": "s:Si"
                  }
                ],
                "declKind": "Accessor",
                "usr": "s:10Frostflake13EpochDateTimeV4hourSivs",
                "mangledName": "$s10Frostflake13EpochDateTimeV4hourSivs",
                "moduleName": "Frostflake",
                "implicit": true,
                "declAttributes": [
                  "Transparent"
                ],
                "accessorKind": "set"
              },
              {
                "kind": "Accessor",
                "name": "Modify",
                "printedName": "Modify()",
                "children": [
                  {
                    "kind": "TypeNominal",
                    "name": "Void",
                    "printedName": "()"
                  }
                ],
                "declKind": "Accessor",
                "usr": "s:10Frostflake13EpochDateTimeV4hourSivM",
                "mangledName": "$s10Frostflake13EpochDateTimeV4hourSivM",
                "moduleName": "Frostflake",
                "implicit": true,
                "declAttributes": [
                  "Transparent"
                ],
                "accessorKind": "_modify"
              }
            ]
          },
          {
            "kind": "Var",
            "name": "minute",
            "printedName": "minute",
            "children": [
              {
                "kind": "TypeNominal",
                "name": "Int",
                "printedName": "Swift.Int",
                "usr": "s:Si"
              }
            ],
            "declKind": "Var",
            "usr": "s:10Frostflake13EpochDateTimeV6minuteSivp",
            "mangledName": "$s10Frostflake13EpochDateTimeV6minuteSivp",
            "moduleName": "Frostflake",
            "declAttributes": [
              "HasStorage",
              "AccessControl"
            ],
            "fixedbinaryorder": 4,
            "hasStorage": true,
            "accessors": [
              {
                "kind": "Accessor",
                "name": "Get",
                "printedName": "Get()",
                "children": [
                  {
                    "kind": "TypeNominal",
                    "name": "Int",
                    "printedName": "Swift.Int",
                    "usr": "s:Si"
                  }
                ],
                "declKind": "Accessor",
                "usr": "s:10Frostflake13EpochDateTimeV6minuteSivg",
                "mangledName": "$s10Frostflake13EpochDateTimeV6minuteSivg",
                "moduleName": "Frostflake",
                "implicit": true,
                "declAttributes": [
                  "Transparent"
                ],
                "accessorKind": "get"
              },
              {
                "kind": "Accessor",
                "name": "Set",
                "printedName": "Set()",
                "children": [
                  {
                    "kind": "TypeNominal",
                    "name": "Void",
                    "printedName": "()"
                  },
                  {
                    "kind": "TypeNominal",
                    "name": "Int",
                    "printedName": "Swift.Int",
                    "usr": "s:Si"
                  }
                ],
                "declKind": "Accessor",
                "usr": "s:10Frostflake13EpochDateTimeV6minuteSivs",
                "mangledName": "$s10Frostflake13EpochDateTimeV6minuteSivs",
                "moduleName": "Frostflake",
                "implicit": true,
                "declAttributes": [
                  "Transparent"
                ],
                "accessorKind": "set"
              },
              {
                "kind": "Accessor",
                "name": "Modify",
                "printedName": "Modify()",
                "children": [
                  {
                    "kind": "TypeNominal",
                    "name": "Void",
                    "printedName": "()"
                  }
                ],
                "declKind": "Accessor",
                "usr": "s:10Frostflake13EpochDateTimeV6minuteSivM",
                "mangledName": "$s10Frostflake13EpochDateTimeV6minuteSivM",
                "moduleName": "Frostflake",
                "implicit": true,
                "declAttributes": [
                  "Transparent"
                ],
                "accessorKind": "_modify"
              }
            ]
          },
          {
            "kind": "Var",
            "name": "second",
            "printedName": "second",
            "children": [
              {
                "kind": "TypeNominal",
                "name": "Int",
                "printedName": "Swift.Int",
                "usr": "s:Si"
              }
            ],
            "declKind": "Var",
            "usr": "s:10Frostflake13EpochDateTimeV6secondSivp",
            "mangledName": "$s10Frostflake13EpochDateTimeV6secondSivp",
            "moduleName": "Frostflake",
            "declAttributes": [
              "HasStorage",
              "AccessControl"
            ],
            "fixedbinaryorder": 5,
            "hasStorage": true,
            "accessors": [
              {
                "kind": "Accessor",
                "name": "Get",
                "printedName": "Get()",
                "children": [
                  {
                    "kind": "TypeNominal",
                    "name": "Int",
                    "printedName": "Swift.Int",
                    "usr": "s:Si"
                  }
                ],
                "declKind": "Accessor",
                "usr": "s:10Frostflake13EpochDateTimeV6secondSivg",
                "mangledName": "$s10Frostflake13EpochDateTimeV6secondSivg",
                "moduleName": "Frostflake",
                "implicit": true,
                "declAttributes": [
                  "Transparent"
                ],
                "accessorKind": "get"
              },
              {
                "kind": "Accessor",
                "name": "Set",
                "printedName": "Set()",
                "children": [
                  {
                    "kind": "TypeNominal",
                    "name": "Void",
                    "printedName": "()"
                  },
                  {
                    "kind": "TypeNominal",
                    "name": "Int",
                    "printedName": "Swift.Int",
                    "usr": "s:Si"
                  }
                ],
                "declKind": "Accessor",
                "usr": "s:10Frostflake13EpochDateTimeV6secondSivs",
                "mangledName": "$s10Frostflake13EpochDateTimeV6secondSivs",
                "moduleName": "Frostflake",
                "implicit": true,
                "declAttributes": [
                  "Transparent"
                ],
                "accessorKind": "set"
              },
              {
                "kind": "Accessor",
                "name": "Modify",
                "printedName": "Modify()",
                "children": [
                  {
                    "kind": "TypeNominal",
                    "name": "Void",
                    "printedName": "()"
                  }
                ],
                "declKind": "Accessor",
                "usr": "s:10Frostflake13EpochDateTimeV6secondSivM",
                "mangledName": "$s10Frostflake13EpochDateTimeV6secondSivM",
                "moduleName": "Frostflake",
                "implicit": true,
                "declAttributes": [
                  "Transparent"
                ],
                "accessorKind": "_modify"
              }
            ]
          },
          {
            "kind": "Function",
            "name": "unixEpoch",
            "printedName": "unixEpoch()",
            "children": [
              {
                "kind": "TypeNominal",
                "name": "EpochDateTime",
                "printedName": "Frostflake.EpochDateTime",
                "usr": "s:10Frostflake13EpochDateTimeV"
              }
            ],
            "declKind": "Func",
            "usr": "s:10Frostflake13EpochDateTimeV04unixB0ACyFZ",
            "mangledName": "$s10Frostflake13EpochDateTimeV04unixB0ACyFZ",
            "moduleName": "Frostflake",
            "static": true,
            "declAttributes": [
              "AccessControl"
            ],
            "funcSelfKind": "NonMutating"
          },
          {
            "kind": "Function",
            "name": "testEpoch",
            "printedName": "testEpoch()",
            "children": [
              {
                "kind": "TypeNominal",
                "name": "EpochDateTime",
                "printedName": "Frostflake.EpochDateTime",
                "usr": "s:10Frostflake13EpochDateTimeV"
              }
            ],
            "declKind": "Func",
            "usr": "s:10Frostflake13EpochDateTimeV04testB0ACyFZ",
            "mangledName": "$s10Frostflake13EpochDateTimeV04testB0ACyFZ",
            "moduleName": "Frostflake",
            "static": true,
            "declAttributes": [
              "AccessControl"
            ],
            "funcSelfKind": "NonMutating"
          },
          {
            "kind": "Function",
            "name": "convert",
            "printedName": "convert(timestamp:)",
            "children": [
              {
                "kind": "TypeNominal",
                "name": "Void",
                "printedName": "()"
              },
              {
                "kind": "TypeNominal",
                "name": "Int",
                "printedName": "Swift.Int",
                "usr": "s:Si"
              }
            ],
            "declKind": "Func",
            "usr": "s:10Frostflake13EpochDateTimeV7convert9timestampySi_tF",
            "mangledName": "$s10Frostflake13EpochDateTimeV7convert9timestampySi_tF",
            "moduleName": "Frostflake",
            "declAttributes": [
              "Mutating",
              "AccessControl",
              "RawDocComment"
            ],
            "funcSelfKind": "Mutating"
          },
          {
            "kind": "Constructor",
            "name": "init",
            "printedName": "init(year:month:day:hour:minute:second:)",
            "children": [
              {
                "kind": "TypeNominal",
                "name": "EpochDateTime",
                "printedName": "Frostflake.EpochDateTime",
                "usr": "s:10Frostflake13EpochDateTimeV"
              },
              {
                "kind": "TypeNominal",
                "name": "Int",
                "printedName": "Swift.Int",
                "usr": "s:Si"
              },
              {
                "kind": "TypeNominal",
                "name": "Int",
                "printedName": "Swift.Int",
                "usr": "s:Si"
              },
              {
                "kind": "TypeNominal",
                "name": "Int",
                "printedName": "Swift.Int",
                "usr": "s:Si"
              },
              {
                "kind": "TypeNominal",
                "name": "Int",
                "printedName": "Swift.Int",
                "usr": "s:Si"
              },
              {
                "kind": "TypeNominal",
                "name": "Int",
                "printedName": "Swift.Int",
                "usr": "s:Si"
              },
              {
                "kind": "TypeNominal",
                "name": "Int",
                "printedName": "Swift.Int",
                "usr": "s:Si"
              }
            ],
            "declKind": "Constructor",
            "usr": "s:10Frostflake13EpochDateTimeV4year5month3day4hour6minute6secondACSi_S5itcfc",
            "mangledName": "$s10Frostflake13EpochDateTimeV4year5month3day4hour6minute6secondACSi_S5itcfc",
            "moduleName": "Frostflake",
            "implicit": true,
            "init_kind": "Designated"
          }
        ],
        "declKind": "Struct",
        "usr": "s:10Frostflake13EpochDateTimeV",
        "mangledName": "$s10Frostflake13EpochDateTimeV",
        "moduleName": "Frostflake",
        "conformances": [
          {
            "kind": "Conformance",
            "name": "Sendable",
            "printedName": "Sendable",
            "usr": "s:s8SendableP",
            "mangledName": "$ss8SendableP"
          }
        ]
      },
      {
        "kind": "Function",
        "name": "currentSecondsSinceEpoch",
        "printedName": "currentSecondsSinceEpoch()",
        "children": [
          {
            "kind": "TypeNominal",
            "name": "UInt32",
            "printedName": "Swift.UInt32",
            "usr": "s:s6UInt32V"
          }
        ],
        "declKind": "Func",
        "usr": "s:10Frostflake24currentSecondsSinceEpochs6UInt32VyF",
        "mangledName": "$s10Frostflake24currentSecondsSinceEpochs6UInt32VyF",
        "moduleName": "Frostflake",
        "declAttributes": [
          "AccessControl",
          "Inline",
          "Inlinable",
          "RawDocComment"
        ],
        "funcSelfKind": "NonMutating"
      },
      {
        "kind": "Function",
        "name": "blackHole",
        "printedName": "blackHole(_:)",
        "children": [
          {
            "kind": "TypeNominal",
            "name": "Void",
            "printedName": "()"
          },
          {
            "kind": "TypeNominal",
            "name": "GenericTypeParam",
            "printedName": "τ_0_0"
          }
        ],
        "declKind": "Func",
        "usr": "s:10Frostflake9blackHoleyyxlF",
        "mangledName": "$s10Frostflake9blackHoleyyxlF",
        "moduleName": "Frostflake",
        "genericSig": "<τ_0_0>",
        "declAttributes": [
          "AccessControl",
          "Inline",
          "RawDocComment"
        ],
        "funcSelfKind": "NonMutating"
      },
      {
        "kind": "Import",
        "name": "Darwin",
        "printedName": "Darwin",
        "declKind": "Import",
        "moduleName": "Frostflake"
      },
      {
        "kind": "TypeDecl",
        "name": "Lock",
        "printedName": "Lock",
        "children": [
          {
            "kind": "Var",
            "name": "mutex",
            "printedName": "mutex",
            "children": [
              {
                "kind": "TypeNominal",
                "name": "UnsafeMutablePointer",
                "printedName": "Swift.UnsafeMutablePointer<Darwin.os_unfair_lock_s>",
                "children": [
                  {
                    "kind": "TypeNominal",
                    "name": "os_unfair_lock_s",
                    "printedName": "Darwin.os_unfair_lock_s",
                    "usr": "c:@S@os_unfair_lock_s"
                  }
                ],
                "usr": "s:Sp"
              }
            ],
            "declKind": "Var",
            "usr": "s:10Frostflake4LockC5mutex33_125C2F249F2642B7360B114AF06C28E8LLSpySo16os_unfair_lock_sVGvp",
            "mangledName": "$s10Frostflake4LockC5mutex33_125C2F249F2642B7360B114AF06C28E8LLSpySo16os_unfair_lock_sVGvp",
            "moduleName": "Frostflake",
            "isInternal": true,
            "declAttributes": [
              "HasInitialValue",
              "Final",
              "HasStorage",
              "AccessControl"
            ],
            "fixedbinaryorder": 0,
            "isLet": true,
            "hasStorage": true
          },
          {
            "kind": "Constructor",
            "name": "init",
            "printedName": "init()",
            "children": [
              {
                "kind": "TypeNominal",
                "name": "Lock",
                "printedName": "Frostflake.Lock",
                "usr": "s:10Frostflake4LockC"
              }
            ],
            "declKind": "Constructor",
            "usr": "s:10Frostflake4LockCACycfc",
            "mangledName": "$s10Frostflake4LockCACycfc",
            "moduleName": "Frostflake",
            "declAttributes": [
              "RawDocComment"
            ],
            "init_kind": "Designated"
          },
          {
            "kind": "Function",
            "name": "lock",
            "printedName": "lock()",
            "children": [
              {
                "kind": "TypeNominal",
                "name": "Void",
                "printedName": "()"
              }
            ],
            "declKind": "Func",
            "usr": "s:10Frostflake4LockC4lockyyF",
            "mangledName": "$s10Frostflake4LockC4lockyyF",
            "moduleName": "Frostflake",
            "declAttributes": [
              "Final",
              "RawDocComment"
            ],
            "funcSelfKind": "NonMutating"
          },
          {
            "kind": "Function",
            "name": "unlock",
            "printedName": "unlock()",
            "children": [
              {
                "kind": "TypeNominal",
                "name": "Void",
                "printedName": "()"
              }
            ],
            "declKind": "Func",
            "usr": "s:10Frostflake4LockC6unlockyyF",
            "mangledName": "$s10Frostflake4LockC6unlockyyF",
            "moduleName": "Frostflake",
            "declAttributes": [
              "Final",
              "RawDocComment"
            ],
            "funcSelfKind": "NonMutating"
          }
        ],
        "declKind": "Class",
        "usr": "s:10Frostflake4LockC",
        "mangledName": "$s10Frostflake4LockC",
        "moduleName": "Frostflake",
        "declAttributes": [
          "Final"
        ],
        "conformances": [
          {
            "kind": "Conformance",
            "name": "Sendable",
            "printedName": "Sendable",
            "usr": "s:s8SendableP",
            "mangledName": "$ss8SendableP"
          }
        ]
      },
      {
        "kind": "TypeDecl",
        "name": "UInt64",
        "printedName": "UInt64",
        "children": [
          {
            "kind": "Constructor",
            "name": "init",
            "printedName": "init()",
            "children": [
              {
                "kind": "TypeNominal",
                "name": "UInt64",
                "printedName": "Swift.UInt64",
                "usr": "s:s6UInt64V"
              }
            ],
            "declKind": "Constructor",
            "usr": "s:s6UInt64V10FrostflakeEABycfc",
            "mangledName": "$ss6UInt64V10FrostflakeEABycfc",
            "moduleName": "Frostflake",
            "declAttributes": [
              "Inline",
              "Inlinable"
            ],
            "isFromExtension": true,
            "init_kind": "Designated"
          },
          {
            "kind": "Function",
            "name": "frostflakeDescription",
            "printedName": "frostflakeDescription()",
            "children": [
              {
                "kind": "TypeNominal",
                "name": "String",
                "printedName": "Swift.String",
                "usr": "s:SS"
              }
            ],
            "declKind": "Func",
            "usr": "s:s6UInt64V10FrostflakeE21frostflakeDescriptionSSyF",
            "mangledName": "$ss6UInt64V10FrostflakeE21frostflakeDescriptionSSyF",
            "moduleName": "Frostflake",
            "isFromExtension": true,
            "funcSelfKind": "NonMutating"
          }
        ],
        "declKind": "Struct",
        "usr": "s:s6UInt64V",
        "mangledName": "$ss6UInt64V",
        "moduleName": "Swift",
        "declAttributes": [
          "Frozen"
        ],
        "isExternal": true,
        "conformances": [
          {
            "kind": "Conformance",
            "name": "FixedWidthInteger",
            "printedName": "FixedWidthInteger",
            "usr": "s:s17FixedWidthIntegerP",
            "mangledName": "$ss17FixedWidthIntegerP"
          },
          {
            "kind": "Conformance",
            "name": "UnsignedInteger",
            "printedName": "UnsignedInteger",
            "usr": "s:SU",
            "mangledName": "$sSU"
          },
          {
            "kind": "Conformance",
            "name": "_ExpressibleByBuiltinIntegerLiteral",
            "printedName": "_ExpressibleByBuiltinIntegerLiteral",
            "usr": "s:s35_ExpressibleByBuiltinIntegerLiteralP",
            "mangledName": "$ss35_ExpressibleByBuiltinIntegerLiteralP"
          },
          {
            "kind": "Conformance",
            "name": "BinaryInteger",
            "printedName": "BinaryInteger",
            "children": [
              {
                "kind": "TypeWitness",
                "name": "Words",
                "printedName": "Words",
                "children": [
                  {
                    "kind": "TypeNominal",
                    "name": "Words",
                    "printedName": "Swift.UInt64.Words",
                    "usr": "s:s6UInt64V5WordsV"
                  }
                ]
              }
            ],
            "usr": "s:Sz",
            "mangledName": "$sSz"
          },
          {
            "kind": "Conformance",
            "name": "LosslessStringConvertible",
            "printedName": "LosslessStringConvertible",
            "usr": "s:s25LosslessStringConvertibleP",
            "mangledName": "$ss25LosslessStringConvertibleP"
          },
          {
            "kind": "Conformance",
            "name": "CustomStringConvertible",
            "printedName": "CustomStringConvertible",
            "usr": "s:s23CustomStringConvertibleP",
            "mangledName": "$ss23CustomStringConvertibleP"
          },
          {
            "kind": "Conformance",
            "name": "Numeric",
            "printedName": "Numeric",
            "children": [
              {
                "kind": "TypeWitness",
                "name": "Magnitude",
                "printedName": "Magnitude",
                "children": [
                  {
                    "kind": "TypeNominal",
                    "name": "UInt64",
                    "printedName": "Swift.UInt64",
                    "usr": "s:s6UInt64V"
                  }
                ]
              }
            ],
            "usr": "s:Sj",
            "mangledName": "$sSj"
          },
          {
            "kind": "Conformance",
            "name": "Strideable",
            "printedName": "Strideable",
            "children": [
              {
                "kind": "TypeWitness",
                "name": "Stride",
                "printedName": "Stride",
                "children": [
                  {
                    "kind": "TypeNominal",
                    "name": "Int",
                    "printedName": "Swift.Int",
                    "usr": "s:Si"
                  }
                ]
              }
            ],
            "usr": "s:Sx",
            "mangledName": "$sSx"
          },
          {
            "kind": "Conformance",
            "name": "AdditiveArithmetic",
            "printedName": "AdditiveArithmetic",
            "usr": "s:s18AdditiveArithmeticP",
            "mangledName": "$ss18AdditiveArithmeticP"
          },
          {
            "kind": "Conformance",
            "name": "ExpressibleByIntegerLiteral",
            "printedName": "ExpressibleByIntegerLiteral",
            "children": [
              {
                "kind": "TypeWitness",
                "name": "IntegerLiteralType",
                "printedName": "IntegerLiteralType",
                "children": [
                  {
                    "kind": "TypeNominal",
                    "name": "UInt64",
                    "printedName": "Swift.UInt64",
                    "usr": "s:s6UInt64V"
                  }
                ]
              }
            ],
            "usr": "s:s27ExpressibleByIntegerLiteralP",
            "mangledName": "$ss27ExpressibleByIntegerLiteralP"
          },
          {
            "kind": "Conformance",
            "name": "Comparable",
            "printedName": "Comparable",
            "usr": "s:SL",
            "mangledName": "$sSL"
          },
          {
            "kind": "Conformance",
            "name": "Decodable",
            "printedName": "Decodable",
            "usr": "s:Se",
            "mangledName": "$sSe"
          },
          {
            "kind": "Conformance",
            "name": "Encodable",
            "printedName": "Encodable",
            "usr": "s:SE",
            "mangledName": "$sSE"
          },
          {
            "kind": "Conformance",
            "name": "CustomReflectable",
            "printedName": "CustomReflectable",
            "usr": "s:s17CustomReflectableP",
            "mangledName": "$ss17CustomReflectableP"
          },
          {
            "kind": "Conformance",
            "name": "_CustomPlaygroundQuickLookable",
            "printedName": "_CustomPlaygroundQuickLookable",
            "usr": "s:s30_CustomPlaygroundQuickLookableP",
            "mangledName": "$ss30_CustomPlaygroundQuickLookableP"
          },
          {
            "kind": "Conformance",
            "name": "CVarArg",
            "printedName": "CVarArg",
            "usr": "s:s7CVarArgP",
            "mangledName": "$ss7CVarArgP"
          },
          {
            "kind": "Conformance",
            "name": "_CVarArgAligned",
            "printedName": "_CVarArgAligned",
            "usr": "s:s15_CVarArgAlignedP",
            "mangledName": "$ss15_CVarArgAlignedP"
          },
          {
            "kind": "Conformance",
            "name": "Hashable",
            "printedName": "Hashable",
            "usr": "s:SH",
            "mangledName": "$sSH"
          },
          {
            "kind": "Conformance",
            "name": "Equatable",
            "printedName": "Equatable",
            "usr": "s:SQ",
            "mangledName": "$sSQ"
          },
          {
            "kind": "Conformance",
            "name": "_HasCustomAnyHashableRepresentation",
            "printedName": "_HasCustomAnyHashableRepresentation",
            "usr": "s:s35_HasCustomAnyHashableRepresentationP",
            "mangledName": "$ss35_HasCustomAnyHashableRepresentationP"
          },
          {
            "kind": "Conformance",
            "name": "Sendable",
            "printedName": "Sendable",
            "usr": "s:s8SendableP",
            "mangledName": "$ss8SendableP"
          },
          {
            "kind": "Conformance",
            "name": "SIMDScalar",
            "printedName": "SIMDScalar",
            "children": [
              {
                "kind": "TypeWitness",
                "name": "SIMDMaskScalar",
                "printedName": "SIMDMaskScalar",
                "children": [
                  {
                    "kind": "TypeNominal",
                    "name": "Int64",
                    "printedName": "Swift.Int64",
                    "usr": "s:s5Int64V"
                  }
                ]
              },
              {
                "kind": "TypeWitness",
                "name": "SIMD2Storage",
                "printedName": "SIMD2Storage",
                "children": [
                  {
                    "kind": "TypeNominal",
                    "name": "SIMD2Storage",
                    "printedName": "Swift.UInt64.SIMD2Storage",
                    "usr": "s:s6UInt64V12SIMD2StorageV"
                  }
                ]
              },
              {
                "kind": "TypeWitness",
                "name": "SIMD4Storage",
                "printedName": "SIMD4Storage",
                "children": [
                  {
                    "kind": "TypeNominal",
                    "name": "SIMD4Storage",
                    "printedName": "Swift.UInt64.SIMD4Storage",
                    "usr": "s:s6UInt64V12SIMD4StorageV"
                  }
                ]
              },
              {
                "kind": "TypeWitness",
                "name": "SIMD8Storage",
                "printedName": "SIMD8Storage",
                "children": [
                  {
                    "kind": "TypeNominal",
                    "name": "SIMD8Storage",
                    "printedName": "Swift.UInt64.SIMD8Storage",
                    "usr": "s:s6UInt64V12SIMD8StorageV"
                  }
                ]
              },
              {
                "kind": "TypeWitness",
                "name": "SIMD16Storage",
                "printedName": "SIMD16Storage",
                "children": [
                  {
                    "kind": "TypeNominal",
                    "name": "SIMD16Storage",
                    "printedName": "Swift.UInt64.SIMD16Storage",
                    "usr": "s:s6UInt64V13SIMD16StorageV"
                  }
                ]
              },
              {
                "kind": "TypeWitness",
                "name": "SIMD32Storage",
                "printedName": "SIMD32Storage",
                "children": [
                  {
                    "kind": "TypeNominal",
                    "name": "SIMD32Storage",
                    "printedName": "Swift.UInt64.SIMD32Storage",
                    "usr": "s:s6UInt64V13SIMD32StorageV"
                  }
                ]
              },
              {
                "kind": "TypeWitness",
                "name": "SIMD64Storage",
                "printedName": "SIMD64Storage",
                "children": [
                  {
                    "kind": "TypeNominal",
                    "name": "SIMD64Storage",
                    "printedName": "Swift.UInt64.SIMD64Storage",
                    "usr": "s:s6UInt64V13SIMD64StorageV"
                  }
                ]
              }
            ],
            "usr": "s:s10SIMDScalarP",
            "mangledName": "$ss10SIMDScalarP"
          },
          {
            "kind": "Conformance",
            "name": "_FormatSpecifiable",
            "printedName": "_FormatSpecifiable",
            "children": [
              {
                "kind": "TypeWitness",
                "name": "_Arg",
                "printedName": "_Arg",
                "children": [
                  {
                    "kind": "TypeNominal",
                    "name": "UInt64",
                    "printedName": "Swift.UInt64",
                    "usr": "s:s6UInt64V"
                  }
                ]
              }
            ],
            "usr": "s:10Foundation18_FormatSpecifiableP",
            "mangledName": "$s10Foundation18_FormatSpecifiableP"
          },
          {
            "kind": "Conformance",
            "name": "_ObjectiveCBridgeable",
            "printedName": "_ObjectiveCBridgeable",
            "children": [
              {
                "kind": "TypeWitness",
                "name": "_ObjectiveCType",
                "printedName": "_ObjectiveCType",
                "children": [
                  {
                    "kind": "TypeNominal",
                    "name": "NSNumber",
                    "printedName": "Foundation.NSNumber",
                    "usr": "c:objc(cs)NSNumber"
                  }
                ]
              }
            ],
            "usr": "s:s21_ObjectiveCBridgeableP",
            "mangledName": "$ss21_ObjectiveCBridgeableP"
          }
        ]
      }
    ],
    "json_format_version": 8
  },
  "ConstValues": [
    {
      "filePath": "\/Users\/sergant\/bbb\/package-frostflake\/Sources\/Frostflake\/FrostflakeDefinitions.swift",
      "kind": "IntegerLiteral",
      "offset": 669,
      "length": 2,
      "value": "32"
    },
    {
      "filePath": "\/Users\/sergant\/bbb\/package-frostflake\/Sources\/Frostflake\/FrostflakeDefinitions.swift",
      "kind": "IntegerLiteral",
      "offset": 810,
      "length": 2,
      "value": "21"
    },
    {
      "filePath": "\/Users\/sergant\/bbb\/package-frostflake\/Sources\/Frostflake\/FrostflakeDefinitions.swift",
      "kind": "IntegerLiteral",
      "offset": 981,
      "length": 2,
      "value": "11"
    },
    {
      "filePath": "\/Users\/sergant\/bbb\/package-frostflake\/Sources\/Frostflake\/FrostflakeDefinitions.swift",
      "kind": "IntegerLiteral",
      "offset": 1081,
      "length": 1,
      "value": "0"
    },
    {
      "filePath": "\/Users\/sergant\/bbb\/package-frostflake\/Sources\/Frostflake\/FrostflakeDefinitions.swift",
      "kind": "IntegerLiteral",
      "offset": 1088,
      "length": 1,
      "value": "1"
    },
    {
      "filePath": "\/Users\/sergant\/bbb\/package-frostflake\/Sources\/Frostflake\/FrostflakeDefinitions.swift",
      "kind": "IntegerLiteral",
      "offset": 1207,
      "length": 1,
      "value": "0"
    },
    {
      "filePath": "\/Users\/sergant\/bbb\/package-frostflake\/Sources\/Frostflake\/FrostflakeDefinitions.swift",
      "kind": "IntegerLiteral",
      "offset": 1214,
      "length": 1,
      "value": "1"
    },
    {
      "filePath": "\/Users\/sergant\/bbb\/package-frostflake\/Sources\/Frostflake\/FrostflakeDefinitions.swift",
      "kind": "IntegerLiteral",
      "offset": 1439,
      "length": 1,
      "value": "1"
    },
    {
      "filePath": "\/Users\/sergant\/bbb\/package-frostflake\/Sources\/Frostflake\/FrostflakeDefinitions.swift",
      "kind": "IntegerLiteral",
      "offset": 1471,
      "length": 1,
      "value": "1"
    },
    {
      "filePath": "\/Users\/sergant\/bbb\/package-frostflake\/Sources\/Frostflake\/FrostflakeDefinitions.swift",
      "kind": "IntegerLiteral",
      "offset": 1980,
      "length": 5,
      "value": "1000"
    },
    {
      "filePath": "\/Users\/sergant\/bbb\/package-frostflake\/Sources\/Frostflake\/FrostflakeGenerator.swift",
      "kind": "StringLiteral",
      "offset": 1072,
      "length": 47,
      "value": "\"accessed sharedGenerator before calling setup\""
    },
    {
      "filePath": "\/Users\/sergant\/bbb\/package-frostflake\/Sources\/Frostflake\/FrostflakeGenerator.swift",
      "kind": "StringLiteral",
      "offset": 1395,
      "length": 29,
      "value": "\"called setup multiple times\""
    },
    {
      "filePath": "\/Users\/sergant\/bbb\/package-frostflake\/Sources\/Frostflake\/FrostflakeGenerator.swift",
      "kind": "BooleanLiteral",
      "offset": 3480,
      "length": 4,
      "value": "true"
    },
    {
      "filePath": "\/Users\/sergant\/bbb\/package-frostflake\/Sources\/Frostflake\/FrostflakeGenerator.swift",
      "kind": "StringLiteral",
      "offset": 3589,
      "length": 107,
      "value": "\"Frostflake generatorIdentifier \""
    },
    {
      "filePath": "\/Users\/sergant\/bbb\/package-frostflake\/Sources\/Frostflake\/FrostflakeGenerator.swift",
      "kind": "StringLiteral",
      "offset": 3643,
      "length": 4,
      "value": "\" used more than \""
    },
    {
      "filePath": "\/Users\/sergant\/bbb\/package-frostflake\/Sources\/Frostflake\/FrostflakeGenerator.swift",
      "kind": "StringLiteral",
      "offset": 3690,
      "length": 4,
      "value": "\" bits\""
    },
    {
      "filePath": "\/Users\/sergant\/bbb\/package-frostflake\/Sources\/Frostflake\/FrostflakeGenerator.swift",
      "kind": "IntegerLiteral",
      "offset": 3773,
      "length": 2,
      "value": "32"
    },
    {
      "filePath": "\/Users\/sergant\/bbb\/package-frostflake\/Sources\/Frostflake\/FrostflakeGenerator.swift",
      "kind": "StringLiteral",
      "offset": 3792,
      "length": 63,
      "value": "\"Frostflake sequenceNumberBits (\""
    },
    {
      "filePath": "\/Users\/sergant\/bbb\/package-frostflake\/Sources\/Frostflake\/FrostflakeGenerator.swift",
      "kind": "StringLiteral",
      "offset": 3850,
      "length": 1,
      "value": "\") + \""
    },
    {
      "filePath": "\/Users\/sergant\/bbb\/package-frostflake\/Sources\/Frostflake\/FrostflakeGenerator.swift",
      "kind": "StringLiteral",
      "offset": 3877,
      "length": 65,
      "value": "\"generatorIdentifierBits (\""
    },
    {
      "filePath": "\/Users\/sergant\/bbb\/package-frostflake\/Sources\/Frostflake\/FrostflakeGenerator.swift",
      "kind": "StringLiteral",
      "offset": 3934,
      "length": 1,
      "value": "\") != 32\""
    },
    {
      "filePath": "\/Users\/sergant\/bbb\/package-frostflake\/Sources\/Frostflake\/FrostflakeGenerator.swift",
      "kind": "IntegerLiteral",
      "offset": 4077,
      "length": 1,
      "value": "0"
    },
    {
      "filePath": "\/Users\/sergant\/bbb\/package-frostflake\/Sources\/Frostflake\/FrostflakeGenerator.swift",
      "kind": "StringLiteral",
      "offset": 4827,
      "length": 37,
      "value": "\"sequenceNumber ouf of allowed range\""
    },
    {
      "filePath": "\/Users\/sergant\/bbb\/package-frostflake\/Sources\/Frostflake\/FrostflakeGenerator.swift",
      "kind": "IntegerLiteral",
      "offset": 4893,
      "length": 1,
      "value": "1"
    },
    {
      "filePath": "\/Users\/sergant\/bbb\/package-frostflake\/Sources\/Frostflake\/FrostflakeGenerator.swift",
      "kind": "BooleanLiteral",
      "offset": 5059,
      "length": 5,
      "value": "false"
    },
    {
      "filePath": "\/Users\/sergant\/bbb\/package-frostflake\/Sources\/Frostflake\/FrostflakeGenerator.swift",
      "kind": "IntegerLiteral",
      "offset": 5105,
      "length": 1,
      "value": "1"
    },
    {
      "filePath": "\/Users\/sergant\/bbb\/package-frostflake\/Sources\/Frostflake\/FrostflakeGenerator.swift",
      "kind": "StringLiteral",
      "offset": 5136,
      "length": 43,
      "value": "\"sequenceNumber != 1 << sequenceNumberBits\""
    },
    {
      "filePath": "\/Users\/sergant\/bbb\/package-frostflake\/Sources\/Frostflake\/FrostflakeGenerator.swift",
      "kind": "StringLiteral",
      "offset": 5675,
      "length": 56,
      "value": "\"too many FrostflakeIdentifiers generated in one second\""
    },
    {
      "filePath": "\/Users\/sergant\/bbb\/package-frostflake\/Sources\/Frostflake\/FrostflakeGenerator.swift",
      "kind": "IntegerLiteral",
      "offset": 5810,
      "length": 1,
      "value": "1"
    },
    {
      "filePath": "\/Users\/sergant\/bbb\/package-frostflake\/Sources\/Frostflake\/FrostflakeGenerator.swift",
      "kind": "IntegerLiteral",
      "offset": 5863,
      "length": 1,
      "value": "0"
    },
    {
      "filePath": "\/Users\/sergant\/bbb\/package-frostflake\/Sources\/Frostflake\/FrostflakeGenerator.swift",
      "kind": "IntegerLiteral",
      "offset": 5919,
      "length": 1,
      "value": "0"
    },
    {
      "filePath": "\/Users\/sergant\/bbb\/package-frostflake\/Sources\/Frostflake\/FrostflakeGenerator.swift",
      "kind": "IntegerLiteral",
      "offset": 6122,
      "length": 1,
      "value": "1"
    },
    {
      "filePath": "\/Users\/sergant\/bbb\/package-frostflake\/Sources\/Frostflake\/FrostflakeHelpers.swift",
      "kind": "IntegerLiteral",
      "offset": 669,
      "length": 5,
      "value": "1970"
    },
    {
      "filePath": "\/Users\/sergant\/bbb\/package-frostflake\/Sources\/Frostflake\/FrostflakeHelpers.swift",
      "kind": "IntegerLiteral",
      "offset": 683,
      "length": 1,
      "value": "1"
    },
    {
      "filePath": "\/Users\/sergant\/bbb\/package-frostflake\/Sources\/Frostflake\/FrostflakeHelpers.swift",
      "kind": "IntegerLiteral",
      "offset": 691,
      "length": 1,
      "value": "1"
    },
    {
      "filePath": "\/Users\/sergant\/bbb\/package-frostflake\/Sources\/Frostflake\/FrostflakeHelpers.swift",
      "kind": "IntegerLiteral",
      "offset": 700,
      "length": 1,
      "value": "0"
    },
    {
      "filePath": "\/Users\/sergant\/bbb\/package-frostflake\/Sources\/Frostflake\/FrostflakeHelpers.swift",
      "kind": "IntegerLiteral",
      "offset": 711,
      "length": 1,
      "value": "0"
    },
    {
      "filePath": "\/Users\/sergant\/bbb\/package-frostflake\/Sources\/Frostflake\/FrostflakeHelpers.swift",
      "kind": "IntegerLiteral",
      "offset": 722,
      "length": 1,
      "value": "0"
    },
    {
      "filePath": "\/Users\/sergant\/bbb\/package-frostflake\/Sources\/Frostflake\/FrostflakeHelpers.swift",
      "kind": "IntegerLiteral",
      "offset": 796,
      "length": 5,
      "value": "2022"
    },
    {
      "filePath": "\/Users\/sergant\/bbb\/package-frostflake\/Sources\/Frostflake\/FrostflakeHelpers.swift",
      "kind": "IntegerLiteral",
      "offset": 810,
      "length": 1,
      "value": "5"
    },
    {
      "filePath": "\/Users\/sergant\/bbb\/package-frostflake\/Sources\/Frostflake\/FrostflakeHelpers.swift",
      "kind": "IntegerLiteral",
      "offset": 818,
      "length": 2,
      "value": "20"
    },
    {
      "filePath": "\/Users\/sergant\/bbb\/package-frostflake\/Sources\/Frostflake\/FrostflakeHelpers.swift",
      "kind": "IntegerLiteral",
      "offset": 828,
      "length": 2,
      "value": "14"
    },
    {
      "filePath": "\/Users\/sergant\/bbb\/package-frostflake\/Sources\/Frostflake\/FrostflakeHelpers.swift",
      "kind": "IntegerLiteral",
      "offset": 840,
      "length": 1,
      "value": "0"
    },
    {
      "filePath": "\/Users\/sergant\/bbb\/package-frostflake\/Sources\/Frostflake\/FrostflakeHelpers.swift",
      "kind": "IntegerLiteral",
      "offset": 851,
      "length": 1,
      "value": "0"
    },
    {
      "filePath": "\/Users\/sergant\/bbb\/package-frostflake\/Sources\/Frostflake\/FrostflakeHelpers.swift",
      "kind": "IntegerLiteral",
      "offset": 1147,
      "length": 4,
      "value": "1900"
    },
    {
      "filePath": "\/Users\/sergant\/bbb\/package-frostflake\/Sources\/Frostflake\/FrostflakeHelpers.swift",
      "kind": "IntegerLiteral",
      "offset": 1185,
      "length": 1,
      "value": "1"
    },
    {
      "filePath": "\/Users\/sergant\/bbb\/package-frostflake\/Sources\/Frostflake\/FrostflakeHelpers.swift",
      "kind": "IntegerLiteral",
      "offset": 1610,
      "length": 1,
      "value": "0"
    },
    {
      "filePath": "\/Users\/sergant\/bbb\/package-frostflake\/Sources\/Frostflake\/FrostflakeHelpers.swift",
      "kind": "StringLiteral",
      "offset": 1638,
      "length": 65,
      "value": "\"Failed to get current time in clock_gettime(), errno = \""
    },
    {
      "filePath": "\/Users\/sergant\/bbb\/package-frostflake\/Sources\/Frostflake\/FrostflakeHelpers.swift",
      "kind": "StringLiteral",
      "offset": 1702,
      "length": 2,
      "value": "\"\""
    },
    {
      "filePath": "\/Users\/sergant\/bbb\/package-frostflake\/Sources\/Frostflake\/FrostflakeHelpers.swift",
      "kind": "IntegerLiteral",
      "offset": 1823,
      "length": 1,
      "value": "2"
    },
    {
      "filePath": "\/Users\/sergant\/bbb\/package-frostflake\/Sources\/Frostflake\/FrostflakeHelpers.swift",
      "kind": "IntegerLiteral",
      "offset": 1893,
      "length": 1,
      "value": "1"
    },
    {
      "filePath": "\/Users\/sergant\/bbb\/package-frostflake\/Sources\/Frostflake\/FrostflakeHelpers.swift",
      "kind": "StringLiteral",
      "offset": 1946,
      "length": 2,
      "value": "\"\""
    },
    {
      "filePath": "\/Users\/sergant\/bbb\/package-frostflake\/Sources\/Frostflake\/FrostflakeHelpers.swift",
      "kind": "StringLiteral",
      "offset": 1983,
      "length": 3,
      "value": "\"0\""
    },
    {
      "filePath": "\/Users\/sergant\/bbb\/package-frostflake\/Sources\/Frostflake\/FrostflakeHelpers.swift",
      "kind": "IntegerLiteral",
      "offset": 2000,
      "length": 1,
      "value": "0"
    },
    {
      "filePath": "\/Users\/sergant\/bbb\/package-frostflake\/Sources\/Frostflake\/FrostflakeHelpers.swift",
      "kind": "IntegerLiteral",
      "offset": 2252,
      "length": 11,
      "value": "0xFFFFFFFF"
    },
    {
      "filePath": "\/Users\/sergant\/bbb\/package-frostflake\/Sources\/Frostflake\/FrostflakeHelpers.swift",
      "kind": "IntegerLiteral",
      "offset": 2354,
      "length": 11,
      "value": "0xFFFFFFFF"
    },
    {
      "filePath": "\/Users\/sergant\/bbb\/package-frostflake\/Sources\/Frostflake\/FrostflakeHelpers.swift",
      "kind": "IntegerLiteral",
      "offset": 2370,
      "length": 11,
      "value": "0xFFFFFFFF"
    },
    {
      "filePath": "\/Users\/sergant\/bbb\/package-frostflake\/Sources\/Frostflake\/FrostflakeHelpers.swift",
      "kind": "StringLiteral",
      "offset": 2533,
      "length": 287,
      "value": "\"\""
    },
    {
      "filePath": "\/Users\/sergant\/bbb\/package-frostflake\/Sources\/Frostflake\/FrostflakeHelpers.swift",
      "kind": "StringLiteral",
      "offset": 2552,
      "length": 1,
      "value": "\" (\""
    },
    {
      "filePath": "\/Users\/sergant\/bbb\/package-frostflake\/Sources\/Frostflake\/FrostflakeHelpers.swift",
      "kind": "StringLiteral",
      "offset": 2566,
      "length": 1,
      "value": "\"-\""
    },
    {
      "filePath": "\/Users\/sergant\/bbb\/package-frostflake\/Sources\/Frostflake\/FrostflakeHelpers.swift",
      "kind": "StringLiteral",
      "offset": 2594,
      "length": 1,
      "value": "\"-\""
    },
    {
      "filePath": "\/Users\/sergant\/bbb\/package-frostflake\/Sources\/Frostflake\/FrostflakeHelpers.swift",
      "kind": "StringLiteral",
      "offset": 2620,
      "length": 1,
      "value": "\" \""
    },
    {
      "filePath": "\/Users\/sergant\/bbb\/package-frostflake\/Sources\/Frostflake\/FrostflakeHelpers.swift",
      "kind": "StringLiteral",
      "offset": 2657,
      "length": 1,
      "value": "\":\""
    },
    {
      "filePath": "\/Users\/sergant\/bbb\/package-frostflake\/Sources\/Frostflake\/FrostflakeHelpers.swift",
      "kind": "StringLiteral",
      "offset": 2686,
      "length": 1,
      "value": "\":\""
    },
    {
      "filePath": "\/Users\/sergant\/bbb\/package-frostflake\/Sources\/Frostflake\/FrostflakeHelpers.swift",
      "kind": "StringLiteral",
      "offset": 2715,
      "length": 3,
      "value": "\" UTC, sequenceNumber:\""
    },
    {
      "filePath": "\/Users\/sergant\/bbb\/package-frostflake\/Sources\/Frostflake\/FrostflakeHelpers.swift",
      "kind": "StringLiteral",
      "offset": 2763,
      "length": 1,
      "value": "\", generatorIdentifier:\""
    },
    {
      "filePath": "\/Users\/sergant\/bbb\/package-frostflake\/Sources\/Frostflake\/FrostflakeHelpers.swift",
      "kind": "StringLiteral",
      "offset": 2807,
      "length": 1,
      "value": "\")\""
    },
    {
      "filePath": "\/Users\/sergant\/bbb\/package-frostflake\/Sources\/Frostflake\/Lock.swift",
      "kind": "IntegerLiteral",
      "offset": 631,
      "length": 1,
      "value": "1"
    },
    {
      "filePath": "\/Users\/sergant\/bbb\/package-frostflake\/Sources\/Frostflake\/Lock.swift",
      "kind": "IntegerLiteral",
      "offset": 1240,
      "length": 1,
      "value": "1"
    }
  ]
}